dx,L1
0.016667,0.000478505
0.016667,0.00055068
0.025,0.000682662
0.05,0.00177853
0.1,0.00494897
