dx,L1
0.016667,0.000489301
0.016667,0.00162282
0.025,0.00026436
0.05,0.00169691
0.1,0.004932
