dx,L1
0.016667,0.000480628
0.016667,0.00076278
0.025,0.000638532
0.05,0.00179104
0.1,0.00495406
