dx,L1
0.016667,0.000489296
0.016667,0.00162237
0.025,0.000264816
0.05,0.0016976
0.1,0.00493171
